provincia,n_progetti,costo_previsto_eur,costo_effettivo_eur,scostamento_eur,scostamento_pct
MI,8869,6.53305640439e9,2.83839182553e9,-3.69466457886e9,-56.6
GE,4176,2.61603891834e9,2.41941725538e9,-1.9662166296000004e8,-7.5
TO,13103,5.08443348209e9,1.18236132324e9,-3.9020721588500004e9,-76.7
TV,5683,7.8046003953e8,1.1770719184e9,3.966118788700001e8,50.8
BS,9354,1.45459714244e9,9.0921111946e8,-5.4538602298e8,-37.5
FI,5685,1.51544496654e9,8.8077532594e8,-6.346696405999999e8,-41.9
BO,5089,7.5576933392e8,8.673976417e8,1.1162830778000009e8,14.8
BZ,7757,1.36700084709e9,8.1210608115e8,-5.548947659399999e8,-40.6
RM,5164,1.95139335833e9,7.1652673819e8,-1.2348666201399999e9,-63.3
BG,8712,1.00111682015e9,5.8220594282e8,-4.189108773299999e8,-41.8
TN,9905,1.18728348457e9,5.5389144368e8,-6.3339204089e8,-53.3
UD,7318,8.7075575352e8,5.4921486118e8,-3.2154089234000003e8,-36.9
BA,3314,9.2070675826e8,5.3700270218e8,-3.8370405608000004e8,-41.7
VR,5545,8.6235847765e8,5.1844503936e8,-3.4391343828999996e8,-39.9
VE,4852,1.01420049185e9,4.5345599603e8,-5.6074449582e8,-55.3
MO,4610,6.2017340107e8,4.101748016e8,-2.0999859947000003e8,-33.9
VI,6522,8.3199933077e8,3.8957628328e8,-4.4242304749e8,-53.2
PD,5457,5.6728091793e8,3.507112255e8,-2.1656969242999995e8,-38.2
LU,3886,4.016794065e8,3.4836320343e8,-5.331620306999999e7,-13.3
PG,4922,6.0613978022e8,3.4066024774e8,-2.6547953248000002e8,-43.8
NA,3999,1.18236031063e9,3.2911189192e8,-8.5324841871e8,-72.2
PR,3199,3.5163134529e8,3.2235097095e8,-2.9280374340000033e7,-8.3
MB,3404,4.1180872821e8,3.2215834237e8,-8.965038583999997e7,-21.8
CN,8853,2.40720276399e9,3.1933352054e8,-2.0878692434499998e9,-86.7
MC,4531,8.5126235862e8,3.1358342092e8,-5.376789377e8,-63.2
RN,2295,3.7384310158e8,2.9254825383e8,-8.129484775e7,-21.7
FC,2726,3.637996607e8,2.6158827675e8,-1.0221138394999999e8,-28.1
RE,3556,3.1717743743e8,2.5842128467e8,-5.875615276000002e7,-18.5
SA,6382,1.5447171831e9,2.5365244369e8,-1.2910647394099998e9,-83.6
VA,5326,4.2820100795e8,2.5311944813e8,-1.7508155982e8,-40.9
FE,2040,3.1243008602e8,2.5209624266e8,-6.0333843359999985e7,-19.3
PZ,4731,4.0786128084e8,2.5147616636e8,-1.5638511447999996e8,-38.3
AR,2263,2.5124193653e8,2.4551756104e8,-5.72437549000001e6,-2.3
PN,2697,4.0188369572e8,2.4095758282e8,-1.6092611290000004e8,-40.0
CO,5256,4.193943544e8,2.3970113457e8,-1.7969321982999998e8,-42.8
LE,5258,6.1583744795e8,2.3412111115e8,-3.817163368000001e8,-62.0
SV,4367,3.4128879246e8,2.3180568132e8,-1.0948311113999999e8,-32.1
PA,3058,6.4334847818e8,2.1918424367e8,-4.2416423451e8,-65.9
RA,4263,3.6333635519e8,2.1517410378e8,-1.4816225141e8,-40.8
MN,3756,3.9906644328e8,2.1395350205e8,-1.8511294122999996e8,-46.4
SS,5423,8.2687533728e8,2.1077635788e8,-6.160989794e8,-74.5
AQ,3057,4.315250993e8,1.9656215272e8,-2.3496294658e8,-54.4
SI,2005,3.8051819678e8,1.9300404728e8,-1.8751414949999997e8,-49.3
CR,2917,1.8351530944e8,1.842884328e8,773123.3600000143,0.4
AL,5571,4.6469271152e8,1.8108558583e8,-2.8360712568999994e8,-61.0
SU,4923,4.8013486253e8,1.7900969643e8,-3.0112516609999996e8,-62.7
LI,2152,2.3146281211e8,1.7772245413e8,-5.374035798000002e7,-23.2
BL,3055,4.0122816199e8,1.763969775e8,-2.2483118449e8,-56.0
PI,3009,2.3334784616e8,1.7390941013e8,-5.943843603e7,-25.5
FR,2986,4.4285694495e8,1.7190486857e8,-2.7095207638e8,-61.2
PV,4207,2.9136841847e8,1.6874816428e8,-1.2262025419000003e8,-42.1
TA,1862,3.2979461158e8,1.6871116935e8,-1.6108344223e8,-48.8
SO,3776,3.5215631933e8,1.6857241369e8,-1.8358390564e8,-52.1
FG,3137,3.4851704663e8,1.6387736925e8,-1.8463967738e8,-53.0
GR,1949,2.1474151897e8,1.6382628923e8,-5.091522974000001e7,-23.7
CH,4046,3.6603825063e8,1.6135499912e8,-2.0468325151e8,-55.9
CA,1837,4.0736531511e8,1.6135388762e8,-2.4601142749e8,-60.4
AO,2753,3.9826391391e8,1.5923795149e8,-2.3902596242000002e8,-60.0
CS,5972,5.768561869e8,1.5865966567e8,-4.1819652123e8,-72.5
AN,3158,4.0097359402e8,1.5736611234e8,-2.4360748167999998e8,-60.8
PT,2065,2.8411516809e8,1.555061479e8,-1.2860902018999997e8,-45.3
PC,2088,2.201935433e8,1.4027879653e8,-7.991474677000001e7,-36.3
MT,2094,2.3109172019e8,1.3868711617e8,-9.240460402000001e7,-40.0
IM,1814,2.1094458746e8,1.3787710316e8,-7.306748430000001e7,-34.6
PE,1869,1.7426648119e8,1.358371081e8,-3.842937309e7,-22.1
TR,1963,2.2848442489e8,1.3237595203e8,-9.610847285999998e7,-42.1
CT,2654,3.5769162247e8,1.3009508138e8,-2.2759654109000003e8,-63.6
LC,3179,2.512738863e8,1.2832816001e8,-1.2294572629e8,-48.9
LT,1444,2.4642027161e8,1.1934427621e8,-1.2707599540000002e8,-51.6
NO,2379,1.960089609e8,1.1921046028e8,-7.679850062e7,-39.2
TS,690,1.6116215423e8,1.1793673981e8,-4.322541441999999e7,-26.8
VT,2073,1.9798742022e8,1.1697122605e8,-8.101619417e7,-40.9
ME,3909,4.9606808616e8,1.1690760567e8,-3.7916048049e8,-76.4
AV,3571,4.577066046e8,1.1123097396e8,-3.4647563064000005e8,-75.7
MS,1263,1.1240642277e8,1.1049139253e8,-1.9150302399999946e6,-1.7
FM,2263,2.6527112908e8,1.085904955e8,-1.5668063358e8,-59.1
SP,1716,1.2075546872e8,1.068306588e8,-1.3924809920000002e7,-11.5
AP,1610,2.2775992181e8,1.0165393362e8,-1.2610598819e8,-55.4
CZ,3157,3.2990128574e8,9.961315152e7,-2.3028813422000003e8,-69.8
TE,2370,3.1032093811e8,9.887235095e7,-2.1144858716000003e8,-68.1
NU,3034,2.8025086914e8,9.564074598e7,-1.8461012315999997e8,-65.9
OR,3199,1.8840960177e8,9.307702401e7,-9.533257776e7,-50.6
PU,2794,3.2054536298e8,9.290176902e7,-2.2764359396000004e8,-71.0
VB,2223,1.7787174018e8,9.084912495e7,-8.702261523e7,-48.9
LO,1303,1.2186866274e8,8.493763888e7,-3.693102386e7,-30.3
AT,3028,1.8115446021e8,8.486575026e7,-9.628870995e7,-53.2
RC,3585,3.4083975395e8,8.076736269e7,-2.6007239126e8,-76.3
PO,1116,9.31929161e7,7.270348129e7,-2.0489434809999987e7,-22.0
BN,2878,7.6413972918e8,7.220654079e7,-6.9193318839e8,-90.6
VC,2079,2.3727502186e8,7.220105602e7,-1.6507396584000003e8,-69.6
RO,1451,1.5167860022e8,6.938393595e7,-8.229466427e7,-54.3
CB,3430,1.974193089e8,6.865557424e7,-1.2876373466000001e8,-65.2
CE,2550,3.8075757298e8,6.742237392e7,-3.1333519906e8,-82.3
GO,1418,1.2084482953e8,6.566133611e7,-5.518349342e7,-45.7
TP,1359,3.0370129557e8,6.55087244e7,-2.3819257117e8,-78.4
BI,2447,1.2642027166e8,6.525540761e7,-6.116486405e7,-48.4
RI,1470,1.1456845734e8,5.915638301e7,-5.5412074330000006e7,-48.4
BR,1499,2.6253016898e8,5.910108336e7,-2.0342908562e8,-77.5
VV,1729,1.1207963343e8,5.126567607e7,-6.081395736000001e7,-54.3
IS,1789,6.837443375e7,4.788514222e7,-2.048929153e7,-30.0
RG,728,7.846882322e7,4.660966781e7,-3.1859155409999996e7,-40.6
AG,1795,1.8080556627e8,4.263844482e7,-1.3816712145000002e8,-76.4
SR,1007,8.941049588e7,4.086080436e7,-4.8549691519999996e7,-54.3
KR,1198,5.408109533e7,3.439647638e7,-1.9684618949999996e7,-36.4
CL,765,9.294280886e7,2.056280801e7,-7.238000085e7,-77.9
EN,791,6.612377154e7,1.89202003e7,-4.7203571239999995e7,-71.4
BT,717,1.7814134584e8,1.300106218e7,-1.6514028366e8,-92.7
